{
    "Dutch oven": 0.024662162162162164,
    "rotisserie": -0.019087837837837837
}