{
    "steel arch bridge": 0.023255813953488372,
    "suspension bridge": 0.06518817204301075,
    "viaduct": 0.0673758865248227
}