{
    "sandal": -0.006782039289055191,
    "running shoe": 0.13022284122562675,
    "Loafer": 0.025745257452574527
}