{
    "mobile home, manufactured home": 0.0959023539668701,
    "dwelling, home, domicile, abode, habitation, dwelling house": 0.06931124673060157
}