{
    "wolfhound": 0.15417505030181086,
    "Scottish deerhound, deerhound": 0.1222921034241789,
    "coonhound": 0.0641025641025641,
    "foxhound": 0.07309322033898305,
    "Weimaraner": 0.043170103092783504,
    "otterhound, otter hound": 0.14961725817675714,
    "bloodhound, sleuthhound": 0.06001727115716753,
    "Norwegian elkhound, elkhound": 0.09963196635120926,
    "Saluki, gazelle hound": 0.11346287300485773,
    "Afghan hound, Afghan": 0.166796875,
    "greyhound": 0.09889643463497454,
    "beagle": 0.0664,
    "basset, basset hound": 0.10306704707560628,
    "bluetick": -0.0018328445747800588,
    "redbone": -0.018488745980707395,
    "Ibizan hound, Ibizan Podenco": 0.12204968944099379
}