{
    "ice lolly, lolly, lollipop, popsicle": 0.008535489667565139,
    "ice cream, icecream": 0.02336028751123091
}