{
    "coffee maker": 0.024509803921568627,
    "microwave, microwave oven": 0.13533438651922064,
    "oven": 0.0625,
    "toaster": 0.08869179600886919,
    "waffle iron": 0.1303347280334728
}