{
    "cleaver, meat cleaver, chopper": 0.0042158516020236085,
    "letter opener, paper knife, paperknife": 0.0290893760539629
}