{
    "eggnog": 0.015140845070422536,
    "cup": 0.05334507042253521
}