{
    "pheasant": 0.017456359102244388,
    "quail": 0.013592233009708738,
    "partridge": 0.03929471032745592
}