{
    "moving van": 0.13037383177570094,
    "passenger van": 0.09307010475423046,
    "police van, police wagon, paddy wagon, patrol wagon, wagon, black Maria": 0.1332496413199426
}