{
    "harvester, reaper": -0.0468413496051687,
    "thresher, thrasher, threshing machine": 0.11844938980617373
}