{
    "crossword puzzle, crossword": 0.04962779156327544,
    "jigsaw puzzle": 0.08105872622001654
}