{
    "pot": 0.10071513706793803,
    "basin": 0.047228506787330315,
    "tub, vat": 0.01598762248581743,
    "jar": 0.15677966101694915,
    "bucket, pail": 0.16908454227113556,
    "mortar": 0.07279344858962693,
    "bottle": 0.18471010774756286,
    "tank, storage tank": 0.047069825436408974,
    "bathtub, bathing tub, bath, tub": 0.18122909698996656,
    "ladle": 0.08240482822655525,
    "barrel, cask": 0.14142427281845538,
    "pitcher, ewer": 0.06880108991825613,
    "drinking vessel": 0.1508667388949079
}