{
    "printer": 0.03434592227695676,
    "data input device, input device": 0.010399562123700055
}