{
    "bonnet, poke bonnet": 0.00796812749003984,
    "bearskin, busby, shako": 0.07556216931216932,
    "cowboy hat, ten-gallon hat": 0.1406113537117904,
    "sombrero": 0.15399484536082475
}