{
    "desk": -0.007343342036553525,
    "pool table, billiard table, snooker table": 0.14115535248041775
}