{
    "common iguana, iguana, Iguana iguana": 0.020584329349269587,
    "American chameleon, anole, Anolis carolinensis": 0.0199203187250996
}