{
    "schipperke": 0.09362549800796813,
    "pinscher": 0.06100342075256556,
    "kuvasz": 0.12066055930568949
}