{
    "brown bear, bruin, Ursus arctos": 0.09293478260869566,
    "ice bear, polar bear, Ursus Maritimus, Thalarctos maritimus": 0.10782163742690058,
    "American black bear, black bear, Ursus americanus, Euarctos americanus": 0.0435871743486974,
    "sloth bear, Melursus ursinus, Ursus ursinus": 0.07758620689655173
}