{
    "orangutan, orang, orangutang, Pongo pygmaeus": 0.07673267326732673,
    "chimpanzee, chimp, Pan troglodytes": 0.11016949152542373,
    "gorilla, Gorilla gorilla": -0.02992194275802255
}