{
    "cabbage, chou": 0.09885931558935361,
    "broccoli": 0.04700854700854701,
    "cauliflower": -0.023724261414503133
}