{
    "crash helmet": 0.007716049382716049,
    "football helmet": 0.07947530864197531
}