{
    "edible fruit": 0.023597273203985317,
    "acorn": 0.059274193548387095,
    "hip, rose hip, rosehip": 0.08556366585563666,
    "ear, spike, capitulum": 0.07403523489932885,
    "seed": -0.012119649303764827,
    "pome, false fruit": 0.01875
}