{
    "baby bed, baby's bed": 0.15656108597285068,
    "bedroom furniture": 0.06987577639751552,
    "bookcase": 0.19129672897196262,
    "cabinet": 0.04209328782707622,
    "chest of drawers, chest, bureau, dresser": 0.09323583180987204,
    "lamp": 0.07661290322580645,
    "office furniture": 0.08223116733755031,
    "seat": 0.06017612524461839,
    "table": 0.06128293241695303,
    "wall unit": 0.0015337423312883436,
    "wardrobe, closet, press": 0.004766949152542373
}