{
    "face powder": 0.11077844311377245,
    "lipstick, lip rouge": 0.12013473053892215
}