{
    "EntleBucher": 0.05689176688251619,
    "Bernese mountain dog": 0.05003523608174771,
    "Greater Swiss Mountain dog": 0.09437751004016064,
    "Appenzeller": -0.01226158038147139
}