{
    "oilseed, oil-rich seed": 0.05176860722181282,
    "grain, caryopsis": 0.031628532974428,
    "buckeye, horse chestnut, conker": 0.0036968576709796672
}