{
    "bottle opener": 0.0672834314550042,
    "can opener, tin opener": 0.07905803195962995
}