{
    "brace": 0.0521415270018622,
    "pier": 0.024362818590704646,
    "rack, stand": 0.019921190893169877,
    "structural member": 0.02239448751076658
}