{
    "siamang, Hylobates syndactylus, Symphalangus syndactylus": -0.004878048780487805,
    "gibbon, Hylobates lar": 0.054878048780487805
}