{
    "balance beam, beam": -0.0556640625,
    "horizontal bar, high bar": 0.051734631771150334,
    "parallel bars, bars": 0.023509174311926607
}