{
    "watch, ticker": 0.027860696517412936,
    "clock": 0.11963952765692977,
    "sandglass": 0.07715582450832073,
    "sundial": 0.013247863247863248,
    "timer": 0.07410562180579217
}