{
    "jaguar, panther, Panthera onca, Felis onca": 0.07045675413022352,
    "tiger, Panthera tigris": 0.15355086372360843,
    "leopard, Panthera pardus": 0.019473684210526317,
    "snow leopard, ounce, Panthera uncia": 0.14481576692373607,
    "lion, king of beasts, Panthera leo": 0.15441176470588236,
    "cheetah, chetah, Acinonyx jubatus": 0.10739856801909307
}