{
    "English setter": 0.07026143790849673,
    "Gordon setter": 0.040229885057471264,
    "Irish setter, red setter": 0.08356840620592383
}