{
    "cargo ship, cargo vessel": 0.18078175895765472,
    "passenger ship": 0.24682448036951501,
    "pirate, pirate ship": 0.09194214876033058,
    "warship, war vessel, combat ship": 0.13058696822832525,
    "wreck": 0.05695921985815603
}