{
    "pullover, slipover": 0.008675078864353312,
    "cardigan": -0.0056782334384858045
}