{
    "academic gown, academic robe, judge's robe": 0.03145219266714594,
    "vestment": 0.038281811646297625
}