{
    "fireboat": 0.16363284275755227,
    "gondola": 0.002830188679245283,
    "motorboat, powerboat": 0.06428571428571428,
    "sea boat": 0.036101083032490974,
    "small boat": 0.008992805755395683
}