{
    "kimono": 0.0025066844919786097,
    "abaya": 0.07302807486631016
}