{
    "warplane, military plane": 0.13424124513618677,
    "warship, war vessel, combat ship": 0.1746268656716418,
    "half track": 0.00708502024291498,
    "tank, army tank, armored combat vehicle, armoured combat vehicle": 0.12134113890367217
}