{
    "control, controller": 0.019230769230769232,
    "mechanical device": 0.06803044719314938,
    "radiator": 0.09979281767955801
}