{
    "hoopskirt, crinoline": 0.11923963133640553,
    "miniskirt, mini": -0.025074294205052007,
    "overskirt": 0.021025878003696857,
    "sarong": 0.04520440251572327
}