{
    "half track": -0.0204468802698145,
    "tank, army tank, armored combat vehicle, armoured combat vehicle": 0.1102629346904156,
    "snowmobile": 0.10544478527607362
}