{
    "swab, swob, mop": -0.05224164133738602,
    "broom": 0.044832826747720364
}