{
    "boa constrictor, Constrictor constrictor": 0.035034272658035034,
    "python": 0.006092916984006093
}