{
    "sloth, tree sloth": 0.10288125727590221,
    "armadillo": 0.17069266589057044
}