{
    "bow tie, bow-tie, bowtie": 0.10379568884723524,
    "Windsor tie": 0.060050041701417846,
    "bolo tie, bolo, bola tie, bola": 0.0013253810470510272
}