{
    "Cardigan, Cardigan Welsh corgi": -0.011092851273623664,
    "Pembroke, Pembroke Welsh corgi": -0.0016433853738701725
}