{
    "solanaceous vegetable": 0.05761994355597366,
    "cruciferous vegetable": 0.1260827718960539,
    "squash": 0.044012511170688114,
    "cucumber, cuke": 0.1892361111111111,
    "artichoke, globe artichoke": 0.12424242424242424,
    "cardoon": 0.06643356643356643,
    "mushroom": 0.19500438212094653
}