{
    "water tower": 0.09558823529411764,
    "cistern": 0.007739938080495356
}