{
    "caldron, cauldron": -0.01250893495353824,
    "coffeepot": 0.04756926293779404,
    "teapot": 0.09943906170321265
}