{
    "paper towel": 0.07700080840743735,
    "bath towel": 0.036176232821341955
}