{
    "bee eater": 0.04810901001112347,
    "hornbill": 0.051446051167964406
}