{
    "forklift": 0.15963060686015831,
    "locomotive, engine, locomotive engine, railway locomotive": 0.12791932059447983,
    "motor vehicle, automotive vehicle": 0.12887139107611548,
    "recreational vehicle, RV, R.V.": 0.1790557508789553,
    "streetcar, tram, tramcar, trolley, trolley car": 0.1427927927927928,
    "tracked vehicle": 0.15476870359794404,
    "tractor": 0.14060187469166255
}