{
    "missile": 0.00430786904078116,
    "bow": 0.004257907542579075,
    "gun": -0.008968609865470852,
    "projectile, missile": 0.014212488350419385
}