{
    "computer keyboard, keypad": 0.025869759143621766,
    "typewriter keyboard": 0.07805530776092774
}