{
    "mailbag, postbag": 0.11532385466034756,
    "backpack, back pack, knapsack, packsack, rucksack, haversack": 0.1308139534883721,
    "purse": -0.015277058518902124,
    "sleeping bag": 0.029069767441860465,
    "plastic bag": 0.0710093896713615
}