{
    "shower curtain": 0.11260580411124546,
    "theater curtain, theatre curtain": 0.03476420798065296
}