{
    "tights, leotards": 0.11458333333333333,
    "sock": 0.16345329905741215,
    "stocking": -0.0551521438450899
}