{
    "Egyptian cat": 0.10743801652892562,
    "Persian cat": 0.031914893617021274,
    "tiger cat": -0.026044492674986434,
    "Siamese cat, Siamese": 0.05875748502994012,
    "tabby, tabby cat": 0.08987915407854985
}