{
    "European fire salamander, Salamandra salamandra": 0.03577325261419923,
    "newt, triton": -0.04337152209492635,
    "ambystomid, ambystomid salamander": 0.05699481865284974
}