{
    "hoopskirt, crinoline": 0.08218125960061444,
    "miniskirt, mini": 0.004457652303120356,
    "overskirt": 0.034195933456561925,
    "sarong": 0.034394654088050314
}