{
    "sheep": 0.18348329048843187,
    "antelope": 0.11593204775022957,
    "wild sheep": 0.09667487684729065,
    "goat, caprine animal": 0.08801817149346962,
    "bison": 0.13667271078875792,
    "Old World buffalo, buffalo": -0.043534166054371784,
    "bovine": 0.0381246780010304
}