{
    "electric locomotive": 0.07509328358208955,
    "steam locomotive": 0.07789179104477612
}