{
    "whiskey jug": 0.2092061742006615,
    "water jug": 0.004410143329658214
}