{
    "bicycle-built-for-two, tandem bicycle, tandem": 0.0319634703196347,
    "mountain bike, all-terrain bike, off-roader": 0.04946727549467275
}