{
    "wheeled vehicle": 0.12386980108499096,
    "basket, handbasket": 0.2021072796934866,
    "thimble": 0.13996478873239437,
    "bag": 0.17568974492451847,
    "spoon": 0.21030776746458232,
    "savings bank, coin bank, money box, bank": -0.023242630385487528,
    "dish": -0.01296982530439386,
    "bin": 0.10468451242829828,
    "shaker": 0.02812344449975112,
    "pot, flowerpot": 0.05877573131094258,
    "vessel": 0.03843995510662177,
    "envelope": 0.1673673147661587,
    "can, tin, tin can": 0.21262286601138128,
    "glass, drinking glass": 0.017272727272727273,
    "cassette": 0.20094621513944222,
    "receptacle": 0.0032182562902282035,
    "dispenser": 0.15820642978003385,
    "package, parcel": 0.07817109144542773,
    "box": 0.11545862732520847,
    "measure": -0.01970842332613391,
    "case": 0.1104053236539625
}