{
    "Welsh terrier": -0.04070796460176991,
    "Lakeland terrier": 0.009292035398230088
}