{
    "cocktail shaker": 0.044346289752650175,
    "saltshaker, salt shaker": 0.11784452296819788
}