{
    "farm building": 0.18631178707224336,
    "greenhouse, nursery, glasshouse": 0.18238213399503722,
    "house": 0.08432976714915041,
    "library": 0.16847826086956522,
    "outbuilding": -0.013304949441192123,
    "place of worship, house of prayer, house of God, house of worship": 0.0836317135549872,
    "planetarium": 0.14216101694915254,
    "restaurant, eating house, eating place, eatery": 0.1357361963190184,
    "theater, theatre, house": 0.04848830576155162
}