{
    "stew": 0.02755511022044088,
    "meat loaf, meatloaf": -0.007369614512471655,
    "soup": 0.010875955320399765,
    "potpie": 0.006379962192816635,
    "burrito": 0.041020408163265305,
    "pizza, pizza pie": 0.17077464788732394
}