{
    "frying pan, frypan, skillet": 0.06407563025210083,
    "wok": 0.008403361344537815
}