{
    "EntleBucher": 0.061979648473635525,
    "Bernese mountain dog": 0.030303030303030304,
    "Greater Swiss Mountain dog": 0.09789156626506024,
    "Appenzeller": -0.03487738419618529
}