{
    "palace": 0.027589708869329724,
    "religious residence, cloister": 0.025727826675693975
}