{
    "palace": 0.007955314827352742,
    "religious residence, cloister": 0.021157752200406228
}