{
    "binoculars, field glasses, opera glasses": 0.0745251857968621,
    "projector": -0.02109375,
    "spectacles, specs, eyeglasses, glasses": 0.056639159789947484
}