{
    "titi, titi monkey": 0.010629251700680272,
    "squirrel monkey, Saimiri sciureus": 0.04605776736924278,
    "spider monkey, Ateles geoffroyi": 0.10079443892750745,
    "capuchin, ringtail, Cebus capucinus": -0.021153846153846155,
    "howler monkey, howler": 0.027515047291487533,
    "marmoset": 0.06315366049879324
}