{
    "barrow, garden cart, lawn cart, wheelbarrow": 0.021607431340872375,
    "shopping cart": 0.07350565428109855
}