{
    "swing": 0.014184397163120567,
    "teddy, teddy bear": 0.10154738878143134
}