{
    "zucchini, courgette": 0.10246913580246914,
    "spaghetti squash": 0.04567901234567901
}