{
    "freight car": 0.12646076794657762,
    "passenger car, coach, carriage": 0.12729549248747912
}