{
    "Dungeness crab, Cancer magister": 0.02411873840445269,
    "rock crab, Cancer irroratus": 0.041830708661417325,
    "fiddler crab": 0.009682416731216111,
    "king crab, Alaska crab, Alaskan king crab, Alaska king crab, Paralithodes camtschatica": -0.0180630284396618
}