{
    "oil filter": 0.07598220904373611,
    "strainer": 0.027983691623424758
}