{
    "borzoi, Russian wolfhound": 0.010553129548762736,
    "Irish wolfhound": 0.03165938864628821
}