{
    "cornet, horn, trumpet": 0.005154639175257732,
    "French horn, horn": 0.0445789763346175,
    "trombone": 0.009625126646403243
}