{
    "mirror": 0.039615384615384615,
    "solar dish, solar collector, solar furnace": 0.13102564102564102
}