{
    "wild dog": 0.021847070506454815,
    "hyena, hyaena": 0.04813559322033898,
    "fox": 0.1670937980522809,
    "wolf": 0.08973607038123167,
    "dog, domestic dog, Canis familiaris": 0.09658599827139153
}