{
    "Pomeranian": 0.07472613458528951,
    "keeshond": 0.08927403531720078,
    "chow, chow chow": 0.04228855721393035,
    "Samoyed, Samoyede": 0.055841293166789124
}