{
    "wolfhound": 0.17706237424547283,
    "Scottish deerhound, deerhound": 0.14150943396226415,
    "coonhound": 0.04774535809018567,
    "foxhound": 0.07330508474576271,
    "Weimaraner": 0.060728092783505154,
    "otterhound, otter hound": 0.1360473208072373,
    "bloodhound, sleuthhound": 0.06606217616580311,
    "Norwegian elkhound, elkhound": 0.0897739221871714,
    "Saluki, gazelle hound": 0.130117973629424,
    "Afghan hound, Afghan": 0.15078125,
    "greyhound": 0.13646010186757215,
    "beagle": 0.0512,
    "basset, basset hound": 0.12945791726105563,
    "bluetick": 0.01686217008797654,
    "redbone": -0.05418006430868167,
    "Ibizan hound, Ibizan Podenco": 0.09751552795031056
}