{
    "kimono": -0.019719251336898395,
    "abaya": 0.05748663101604278
}