{
    "analog clock": -0.0033944331296673455,
    "digital clock": 0.12196765498652291,
    "wall clock": -0.010416666666666666
}