{
    "whippet": 0.018407534246575343,
    "Italian greyhound": -0.032534246575342464
}