{
    "fire engine, fire truck": 0.15274896265560167,
    "garbage truck, dustcart": 0.08724489795918368,
    "pickup, pickup truck": 0.17037470725995316,
    "tow truck, tow car, wrecker": 0.154632972322503,
    "trailer truck, tractor trailer, trucking rig, rig, articulated lorry, semi": 0.09202958093672967,
    "van": 0.0033305578684429643
}