{
    "ax, axe": 0.08084358523725835,
    "knife": 0.0943900267141585,
    "plane, carpenter's plane, woodworking plane": 0.11379754996776273
}