{
    "golden retriever": 0.047400611620795105,
    "Chesapeake Bay retriever": 0.03455571227080395,
    "curly-coated retriever": 0.08096828046744574,
    "flat-coated retriever": 0.06868131868131869,
    "Labrador retriever": 0.06560283687943262
}