{
    "Great Dane": 0.09610499576629974,
    "shepherd dog, sheepdog, sheep dog": 0.06722354813046937,
    "watchdog, guard dog": -0.05564853556485356,
    "sled dog, sledge dog": 0.06637353433835846,
    "boxer": 0.0,
    "bull mastiff": 0.07770545158665582,
    "Eskimo dog, husky": 0.1145374449339207,
    "Sennenhunde": 0.034362139917695475,
    "Saint Bernard, St Bernard": 0.11622125543816035,
    "mastiff": 0.06939338235294118,
    "bulldog, English bulldog": 0.13989856297548606
}