{
    "ambulance": 0.226691042047532,
    "beach wagon, station wagon, wagon, estate car, beach waggon, station waggon, waggon": 0.06761006289308176,
    "cab, hack, taxi, taxicab": 0.0028763183125599234,
    "convertible": 0.014666064981949459,
    "jeep, landrover": 0.0764063811922754,
    "limousine, limo": 0.03765792031098154,
    "minivan": -0.02093358999037536,
    "Model T": 0.018355018587360595,
    "racer, race car, racing car": 0.1244824016563147,
    "sports car, sport car": 0.07614360162130862
}