{
    "amphibian, amphibious vehicle": 0.05102040816326531,
    "car, auto, automobile, machine, motorcar": 0.12133891213389121,
    "go-kart": 0.11649016641452345,
    "golfcart, golf cart": 0.17118802619270346,
    "motorcycle, bike": 0.12081218274111676,
    "snowplow, snowplough": 0.042572463768115944,
    "truck, motortruck": 0.09838107098381071
}