{
    "wild boar, boar, Sus scrofa": 0.03272910372608258,
    "warthog": 0.009750390015600624,
    "hog, pig, grunter, squealer, Sus scrofa": 0.032093734080489045
}