{
    "bobsled, bobsleigh, bob": -0.10990888382687927,
    "dogsled, dog sled, dog sleigh": 0.0670083523158694
}