{
    "acorn squash": 0.05939342881213142,
    "butternut squash": 0.0012636899747262005
}