{
    "hotdog, hot dog, red hot": 0.07811244979919679,
    "hamburger, beefburger, burger": 0.1140562248995984
}