{
    "Old English sheepdog, bobtail": 0.10258107213765719,
    "Bouvier des Flandres, Bouviers des Flandres": 0.08244514106583072,
    "Rottweiler": 0.08644859813084112,
    "komondor": 0.05640535372848948,
    "collie": 0.05851063829787234,
    "Border collie": 0.02921535893155259,
    "Belgian sheepdog, Belgian shepherd": 0.06884057971014493,
    "Shetland sheepdog, Shetland sheep dog, Shetland": 0.08697158697158697,
    "kelpie": 0.07631759069130732,
    "briard": 0.1400454201362604,
    "German shepherd, German shepherd dog, German police dog, alsatian": 0.13611544461778471
}