{
    "Old English sheepdog, bobtail": 0.1042356055592323,
    "Bouvier des Flandres, Bouviers des Flandres": 0.038557993730407525,
    "Rottweiler": 0.08628170894526034,
    "komondor": 0.08540471637985979,
    "collie": 0.05482815057283143,
    "Border collie": 0.048414023372287146,
    "Belgian sheepdog, Belgian shepherd": 0.05837359098228664,
    "Shetland sheepdog, Shetland sheep dog, Shetland": 0.07726957726957727,
    "kelpie": 0.05373032169746749,
    "briard": 0.12528387585162756,
    "German shepherd, German shepherd dog, German police dog, alsatian": 0.11076443057722309
}