{
    "soup bowl": 0.10828729281767956,
    "mixing bowl": 0.014917127071823204
}