{
    "Cardigan, Cardigan Welsh corgi": 0.025472473294987676,
    "Pembroke, Pembroke Welsh corgi": 0.030402629416598194
}