{
    "Australian terrier": 0.12777777777777777,
    "fox terrier": 0.05114988104678826,
    "soft-coated wheaten terrier": 0.07566889632107024,
    "wirehair, wirehaired terrier, wire-haired terrier": 0.07890743550834597,
    "Dandie Dinmont, Dandie Dinmont terrier": 0.046613011401743794,
    "Airedale, Airedale terrier": 0.061824324324324324,
    "Lhasa, Lhasa apso": 0.0722256664600124,
    "Yorkshire terrier": 0.06390977443609022,
    "West Highland white terrier": 0.11980347694633409,
    "schnauzer": 0.03368924889543446,
    "bullterrier, bull terrier": 0.03981723237597911,
    "Norfolk terrier": 0.10884648742411102,
    "cairn, cairn terrier": 0.0791476407914764,
    "Kerry blue terrier": 0.08421797593772117,
    "Scotch terrier, Scottish terrier, Scottie": 0.10971379011274934,
    "Boston bull, Boston terrier": 0.0748792270531401,
    "Bedlington terrier": 0.14261517615176153,
    "Irish terrier": 0.08498349834983498,
    "silky terrier, Sydney silky": 0.04072924747866563,
    "Norwich terrier": 0.12214983713355049,
    "Tibetan terrier, chrysanthemum dog": 0.09614059269469331,
    "Border terrier": 0.06424825174825174
}