{
    "mosquito net": -0.004523996852871755,
    "window screen": 0.09287054409005628,
    "fire screen, fireguard": 0.07236842105263158
}