{
    "miniature poodle": -0.04739336492890995,
    "toy poodle": 0.03784477228992944,
    "standard poodle": 0.12294673967147834
}