{
    "hamper": -0.0037735849056603774,
    "shopping basket": 0.1400943396226415
}