{
    "malinois": 0.03589232303090728,
    "groenendael": 0.06929212362911266
}