{
    "Siberian husky": 0.01912313432835821,
    "malamute, malemute, Alaskan malamute": 0.04664179104477612
}