{
    "canoe": 0.14208364451082897,
    "yawl": -0.012322628827483197
}