{
    "Welsh springer spaniel": 0.042027729636048526,
    "English springer, English springer spaniel": 0.0511265164644714
}