{
    "hare": 0.027756059421422986,
    "rabbit, coney, cony": 0.003518373729476153
}