{
    "bow tie, bow-tie, bowtie": 0.1077788191190253,
    "Windsor tie": 0.045871559633027525,
    "bolo tie, bolo, bola tie, bola": -0.011100066269052352
}