{
    "spindle": 0.03309692671394799,
    "drumstick": 0.062324929971988796,
    "staff": 0.015409383624655014,
    "matchstick": 0.12959472196041472
}