{
    "cockroach, roach": 0.06594993581514763,
    "mantis, mantid": 0.0137997432605905
}