{
    "Angora, Angora rabbit": 0.02647233789411065,
    "wood rabbit, cottontail, cottontail rabbit": 0.09860202260559191
}