{
    "trolleybus, trolley coach, trackless trolley": 0.04169741697416974,
    "minibus": 0.04864359214218896,
    "school bus": 0.1514066496163683
}