{
    "sea turtle, marine turtle": 0.03544682975536695,
    "mud turtle": 0.03189792663476874,
    "terrapin": 0.005574614065180103,
    "box turtle, box tortoise": 0.05990220048899755
}