{
    "apiary, bee house": 0.09546285018270402,
    "boathouse": 0.040194884287454324
}