{
    "crash helmet": 0.023662551440329218,
    "football helmet": 0.14351851851851852
}