{
    "Polaroid camera, Polaroid Land camera": 0.04572713643178411,
    "reflex camera": 0.06465517241379311
}