{
    "pullover, slipover": 0.014511041009463722,
    "cardigan": 0.005520504731861199
}