{
    "electric locomotive": 0.1707089552238806,
    "steam locomotive": 0.07042910447761194
}