{
    "power tool": 0.06668383110195675,
    "calculator, calculating machine": 0.10724852071005918,
    "cash machine, cash dispenser, automated teller machine, automatic teller machine, automated teller, automatic teller, ATM": 0.1466565349544073,
    "computer, computing machine, computing device, data processor, electronic computer, information processing system": 0.04470640569395018,
    "farm machine": 0.012357884330202669,
    "slot machine, coin machine": 0.10723514211886305
}