{
    "sporting dog, gun dog": 0.07273482959268496,
    "terrier": 0.07280431432973807,
    "hound, hound dog": 0.026364477335800184,
    "Rhodesian ridgeback": 0.04045058883768561
}