{
    "sporting dog, gun dog": 0.05403158769742311,
    "terrier": 0.05893682588597843,
    "hound, hound dog": 0.0018501387604070306,
    "Rhodesian ridgeback": 0.024065540194572452
}