{
    "shower curtain": 0.11079201934703749,
    "theater curtain, theatre curtain": 0.010882708585247884
}