{
    "church, church building": 0.08414396887159534,
    "mosque": 0.13547863710113575,
    "shrine": 0.07942162615255657
}