{
    "tile roof": 0.11746724890829695,
    "dome": 0.013950398582816652,
    "thatch, thatched roof": 0.058550824175824176,
    "vault": 0.028478437754271765
}