{
    "orange": 0.09400544959128065,
    "lemon": 0.08600136239782016
}