{
    "tiger beetle": 0.06510219530658592,
    "ladybug, ladybeetle, lady beetle, ladybird, ladybird beetle": 0.09032501889644746,
    "ground beetle, carabid beetle": -0.008220910623946037,
    "long-horned beetle, longicorn, longicorn beetle": 0.09344552701505757,
    "leaf beetle, chrysomelid": 0.034268629254829805,
    "lamellicorn beetle": 0.008841463414634146,
    "weevil": 0.017550702028081122
}