{
    "forklift": 0.12313104661389622,
    "locomotive, engine, locomotive engine, railway locomotive": 0.06210191082802548,
    "motor vehicle, automotive vehicle": 0.10761154855643044,
    "recreational vehicle, RV, R.V.": 0.17503766951280764,
    "streetcar, tram, tramcar, trolley, trolley car": 0.131981981981982,
    "tracked vehicle": 0.12164477441462021,
    "tractor": 0.12530833744449926
}