{
    "white stork, Ciconia ciconia": 0.037884767166535126,
    "black stork, Ciconia nigra": 0.0627466456195738
}