{
    "cello, violoncello": 0.02603305785123967,
    "violin, fiddle": -0.008677685950413223
}