{
    "sewing machine": 0.008369098712446352,
    "iron, smoothing iron": -0.017369727047146403,
    "kitchen appliance": 0.051974448315911734,
    "vacuum, vacuum cleaner": 0.11191709844559586,
    "white goods": 0.040458372310570624
}