{
    "carton": 0.08115441539220523,
    "chest": -0.0007115749525616698,
    "strongbox, deedbox": 0.1382193802262666,
    "pencil box, pencil case": 0.16776045939294504,
    "crate": 0.11450777202072539,
    "mailbox, letter box": 0.128584229390681
}