{
    "totem pole": 0.12436177972283005,
    "obelisk": -0.03191101385849745
}