{
    "beer glass": 0.08835672997522709,
    "goblet": 0.0305532617671346
}