{
    "apple": 0.021716101694915255,
    "berry": 0.10435897435897436,
    "citrus, citrus fruit, citrous fruit": 0.07146666666666666,
    "fig": 0.06113902847571189,
    "pineapple, ananas": 0.12630532073595227,
    "banana": 0.16071428571428573,
    "jackfruit, jak, jack": 0.22287822878228783,
    "custard apple": 0.09452908587257618,
    "pomegranate": 0.08202247191011236
}