{
    "caldron, cauldron": -0.05593280914939242,
    "coffeepot": 0.04391008886565604,
    "teapot": 0.08057113717491075
}