{
    "barbell": -0.010889292196007259,
    "dumbbell": 0.010889292196007259
}