{
    "ambulance": 0.2319469835466179,
    "beach wagon, station wagon, wagon, estate car, beach waggon, station waggon, waggon": 0.18946540880503146,
    "cab, hack, taxi, taxicab": -0.013422818791946308,
    "convertible": 0.018501805054151624,
    "jeep, landrover": 0.07619647355163728,
    "limousine, limo": 0.02575315840621963,
    "minivan": 0.02670837343599615,
    "Model T": 0.036013011152416355,
    "racer, race car, racing car": 0.10093167701863354,
    "sports car, sport car": 0.11146496815286625
}