{
    "black and gold garden spider, Argiope aurantia": 0.04460431654676259,
    "barn spider, Araneus cavaticus": 0.06761412575366063,
    "garden spider, Aranea diademata": 0.007583417593528817,
    "black widow, Latrodectus mactans": 0.03643724696356275,
    "tarantula": 0.06853146853146853,
    "wolf spider, hunting spider": 0.019632414369256473
}