{
    "flatworm, platyhelminth": 0.0603882099209202,
    "nematode, nematode worm, roundworm": -0.002156721782890007
}