{
    "agama": -0.011506276150627616,
    "frilled lizard, Chlamydosaurus kingi": 0.020397489539748955
}