{
    "conch": 0.01829738058551618,
    "snail": 0.06787330316742081,
    "slug": 0.10332434860736747,
    "sea slug, nudibranch": 0.09630606860158311
}