{
    "radiotelephone, radiophone, wireless telephone": 0.006198347107438017,
    "pay-phone, pay-station": 0.019367991845056064,
    "dial telephone, dial phone": 0.049240121580547115
}