{
    "plover": 0.0308300395256917,
    "sandpiper": 0.004393673110720563,
    "snipe": 0.002697841726618705,
    "oystercatcher, oyster catcher": 0.1021671826625387
}