{
    "airship, dirigible": 0.09195830230826507,
    "balloon": 0.12788533134772898
}