{
    "borzoi, Russian wolfhound": 0.02292576419213974,
    "Irish wolfhound": 0.027292576419213975
}