{
    "space heater": 0.1301575393848462,
    "stove": 0.09039759939984997
}