{
    "catamaran": -0.008303411131059245,
    "trimaran": -0.037253141831238776
}