{
    "beer bottle": 0.16791044776119404,
    "pop bottle, soda bottle": 0.0365296803652968,
    "wine bottle": 0.1811175337186898,
    "pill bottle": 0.16526610644257703,
    "water bottle": 0.10304287690179806,
    "jug": 0.08150470219435736
}