{
    "malinois": 0.07452642073778663,
    "groenendael": 0.08212861415752742
}