{
    "car wheel": 0.12429378531073447,
    "paddlewheel, paddle wheel": -0.020326906957250628,
    "pinwheel": 0.11787905346187555,
    "potter's wheel": 0.04604628736740598
}