{
    "schooner": 0.07835302293259208,
    "sailboat, sailing boat": 0.04378040305767894
}