{
    "audio system, sound system": 0.07629558541266794,
    "communication system": 0.051269035532994923,
    "maze, labyrinth": 0.12491039426523297
}