{
    "Petri dish": 0.08574610244988864,
    "bowl": 0.02839643652561247
}