{
    "Egyptian cat": 0.14307851239669422,
    "Persian cat": 0.034131205673758866,
    "tiger cat": -0.004340748779164406,
    "Siamese cat, Siamese": 0.035179640718562874,
    "tabby, tabby cat": 0.05689828801611279
}