{
    "starfish, sea star": 0.09866666666666667,
    "sea urchin": 0.13267451640033642,
    "sea cucumber, holothurian": 0.14788445890968266
}