{
    "golden retriever": 0.05542813455657492,
    "Chesapeake Bay retriever": 0.05148095909732017,
    "curly-coated retriever": 0.04006677796327212,
    "flat-coated retriever": 0.09111721611721611,
    "Labrador retriever": 0.045705279747832936
}