{
    "colubrid snake, colubrid": 0.05141388174807198,
    "constrictor": 0.06943713834823777,
    "elapid, elapid snake": 0.01818181818181818,
    "sea snake": 0.03691983122362869,
    "viper": -0.056239015817223195
}