{
    "vest, waistcoat": -0.0029182879377431907,
    "swimsuit, swimwear, bathing suit, swimming costume, bathing costume": 0.018579686209744012,
    "suit, suit of clothes": 0.0022650056625141564,
    "scarf": 0.028257739380849533,
    "neckwear": 0.07455315145813735,
    "skirt": 0.020708795900939367,
    "overgarment, outer garment": 0.07430997876857749,
    "sweater, jumper": -0.02782724844167409,
    "robe": -0.016121495327102803,
    "shirt": 0.06498388829215897,
    "diaper, nappy, napkin": 0.0478369384359401
}