{
    "fur coat": 0.03464343598055105,
    "raincoat, waterproof": 0.03836530442035029,
    "lab coat, laboratory coat": 0.10535714285714286
}