{
    "dhole, Cuon alpinus": -0.008964143426294821,
    "dingo, warrigal, warragal, Canis dingo": 0.0774487471526196,
    "African hunting dog, hyena dog, Cape hunting dog, Lycaon pictus": 0.029955207166853303
}