{
    "giant schnauzer": 0.09422750424448217,
    "miniature schnauzer": -0.033633633633633635,
    "standard schnauzer": 0.02457865168539326
}