{
    "wool, woolen, woollen": 0.009369676320272573,
    "piece of cloth, piece of material": 0.03904805914972274,
    "velvet": -0.03189300411522634
}