{
    "red wolf, maned wolf, Canis rufus, Canis niger": 0.08498023715415019,
    "coyote, prairie wolf, brush wolf, Canis latrans": -0.000544069640914037,
    "white wolf, Arctic wolf, Canis lupus tundrarum": 0.05970149253731343,
    "timber wolf, grey wolf, gray wolf, Canis lupus": 0.11664564943253468
}