{
    "aircraft carrier, carrier, flattop, attack aircraft carrier": 0.019322033898305085,
    "submersible, submersible warship": 0.04338983050847458
}