{
    "musical instrument, instrument": 0.23152242577384713,
    "airfoil, aerofoil, control surface, surface": -0.016706443914081145,
    "breathing device, breathing apparatus, breathing machine, ventilator": 0.2111829944547135,
    "electrical device": 0.13224737713970183,
    "electronic device": 0.11272004542873368,
    "fan": 0.23524590163934425,
    "filter": 0.011117287381878822,
    "heater, warmer": 0.11590485074626866,
    "instrument": 0.12984615384615383,
    "keyboard": 0.14615784008307373,
    "lifting device": 0.050266114725014785,
    "lighter, light, igniter, ignitor": 0.06409691629955948,
    "machine": 0.012534818941504178,
    "mechanism": 0.11081474296799224,
    "memory device, storage device": 0.027218934911242602,
    "optical device": 0.11294188136608747,
    "pick, plectrum, plectron": -0.05701754385964912,
    "reflector": 0.03902554399243141,
    "remote control, remote": 0.21154842050750905,
    "restraint, constraint": 0.0651565995525727,
    "runner": 0.0653061224489796,
    "signaling device": 0.06261799874134676,
    "source of illumination": 0.045744064852345105,
    "support": -0.0038348082595870206,
    "trap": 0.01059190031152648
}