{
    "giant schnauzer": 0.0500848896434635,
    "miniature schnauzer": -0.009009009009009009,
    "standard schnauzer": 0.012640449438202247
}