{
    "jellyfish": 0.07958921694480103,
    "anthozoan, actinozoan": 0.05712451861360719
}