{
    "whippet": 0.011558219178082191,
    "Italian greyhound": 0.01797945205479452
}