{
    "gastropod, univalve": 0.09007832898172324,
    "chiton, coat-of-mail shell, sea cradle, polyplacophore": 0.08812546676624347,
    "cephalopod, cephalopod mollusk": 0.12081128747795414
}