{
    "combination lock": -0.001514386673397274,
    "padlock": 0.05653710247349823
}