{
    "academic gown, academic robe, judge's robe": 0.04205607476635514,
    "vestment": 0.03324946081955428
}