{
    "vizsla, Hungarian pointer": 0.04707692307692308,
    "German short-haired pointer": -0.0015384615384615385
}