{
    "Doberman, Doberman pinscher": 0.06376109765940274,
    "affenpinscher, monkey pinscher, monkey dog": 0.10793423874195854,
    "miniature pinscher": -0.03942486085343228
}