{
    "ant, emmet, pismire": -0.02865421764327109,
    "bee": 0.09948486799742434
}