{
    "trilobite": 0.06202770780856423,
    "arachnid, arachnoid": 0.1352824578790882,
    "centipede": 0.08251561106155218,
    "crustacean": 0.12543381259295985,
    "insect": 0.08778205833791965
}