{
    "grasshopper, hopper": 0.026252983293556086,
    "cricket": -0.0032816229116945108
}