{
    "Welsh springer spaniel": 0.033362218370883885,
    "English springer, English springer spaniel": 0.024696707105719237
}