{
    "candle, taper, wax light": 0.028908794788273615,
    "lantern": 0.0023484201537147735,
    "spotlight, spot": 0.07898062342038753
}