{
    "papillon": -0.01568627450980392,
    "English toy spaniel": 0.06911764705882353
}