{
    "piano, pianoforte, forte-piano": 0.10245901639344263,
    "banjo": 0.08825944170771757,
    "bowed stringed instrument, string": 0.11285971223021583,
    "chordophone": 0.00981675392670157,
    "guitar": 0.11408016443987667
}