{
    "china cabinet, china closet": 0.01915852742299023,
    "medicine chest, medicine cabinet": 0.1927122464312547
}