{
    "oxygen mask": 0.0958980044345898,
    "snorkel": 0.029009608277900962
}