{
    "schipperke": 0.1299800796812749,
    "pinscher": 0.05473204104903079,
    "kuvasz": 0.11101735776277724
}