{
    "barrow, garden cart, lawn cart, wheelbarrow": 0.027463651050080775,
    "shopping cart": 0.05977382875605816
}