{
    "porcupine, hedgehog": 0.12,
    "cavy": 0.05893019038984588,
    "hamster": 0.10893133711925658,
    "squirrel": 0.11345720720720721,
    "marmot": 0.0980295566502463,
    "beaver": 0.06011808910359635
}