{
    "pool table, billiard table, snooker table": 0.16124367317425886,
    "game": 0.015792154865002548,
    "ball": 0.12261306532663317
}