{
    "daisy": 0.03241590214067278,
    "orchid, orchidaceous plant": 0.1136085626911315
}