{
    "goose": 0.028841111693759833,
    "duck": 0.04299947561615102
}