{
    "sea anemone, anemone": 0.08054272517321016,
    "coral": -0.02121824480369515
}