{
    "shoe": 0.034636871508379886,
    "boot": -0.011777902411665733,
    "clog, geta, patten, sabot": 0.010343481654957064
}