{
    "diamondback, diamondback rattlesnake, Crotalus adamanteus": -0.029926595143986448,
    "sidewinder, horned rattlesnake, Crotalus cerastes": 0.05533596837944664
}