{
    "dishwasher, dish washer, dishwashing machine": 0.007475560667050029,
    "refrigerator, icebox": 0.06666666666666667,
    "washer, automatic washer, washing machine": 0.14989939637826963
}