{
    "hen-of-the-woods, hen of the woods, Polyporus frondosus, Grifola frondosa": 0.05309877340219497,
    "earthstar": 0.06873727087576374,
    "coral fungus": -0.014902880107166777,
    "stinkhorn, carrion fungus": 0.03710670314637483,
    "gyromitra": 0.019329896907216496,
    "bolete": 0.02441135734072022,
    "basidiomycete, basidiomycetous fungi": 0.0286144578313253
}