{
    "swimming trunks, bathing trunks": 0.0627177700348432,
    "maillot, tank suit": 0.0554928517682468,
    "bikini, two-piece": -0.08415094339622642
}