{
    "bathing cap, swimming cap": 0.05612701252236136,
    "mortarboard": 0.13435734463276836,
    "shower cap": 0.03599221789883268
}