{
    "cutting implement": 0.03560830860534125,
    "garden tool, lawn tool": 0.0450656018254421,
    "hand tool": 0.00959079283887468,
    "plow, plough": 0.06477272727272727,
    "power tool": 0.18533886583679116
}