{
    "triumphal arch": 0.09992679355783309,
    "brass, memorial tablet, plaque": 0.14272030651340997,
    "megalith, megalithic structure": 0.09372609028309105
}