{
    "soup bowl": 0.13370165745856355,
    "mixing bowl": 0.009116022099447514
}