{
    "analog computer, analogue computer": -0.006602336211274758,
    "digital computer": 0.04177718832891247,
    "web site, website, internet site, site": 0.012333594361785435
}