{
    "moving van": 0.16074766355140188,
    "passenger van": 0.10193392425463337,
    "police van, police wagon, paddy wagon, patrol wagon, wagon, black Maria": 0.11531563845050215
}