{
    "horse cart, horse-cart": 0.08190045248868778,
    "jinrikisha, ricksha, rickshaw": -0.014757554462403373,
    "oxcart": 0.08011049723756906
}