{
    "soccer ball": 0.19455645161290322,
    "croquet ball": 0.025758969641214352,
    "golf ball": 0.1670680313064419,
    "baseball": 0.12699285321605278,
    "ping-pong ball": 0.06398234969663541,
    "punching bag, punch bag, punching ball, punchball": 0.044366197183098595,
    "rugby ball": 0.09720534629404617,
    "basketball": 0.11504424778761062,
    "volleyball": -0.031494013534617386,
    "tennis ball": 0.15873864243719935
}