{
    "kit fox, Vulpes macrotis": 0.01887871853546911,
    "red fox, Vulpes vulpes": 0.06561546286876907,
    "grey fox, gray fox, Urocyon cinereoargenteus": 0.03681229773462783,
    "Arctic fox, white fox, Alopex lagopus": 0.08300550747442959
}