{
    "meerkat, mierkat": -0.015905147484094852,
    "mongoose": 0.06824754193175246
}