{
    "true frog, ranid": 0.020618556701030927,
    "tree frog, tree-frog": 0.027357107962872496,
    "tailed frog, bell toad, ribbed toad, tailed toad, Ascaphus trui": 0.016051364365971106
}