{
    "miniature poodle": -0.061611374407582936,
    "toy poodle": 0.026298909557408594,
    "standard poodle": 0.11597809855649577
}