{
    "Walker hound, Walker foxhound": 0.0052662375658279695,
    "English foxhound": -0.0076067875950848445
}