{
    "toy spaniel": 0.04705400981996727,
    "Pekinese, Pekingese, Peke": 0.14526233359436178,
    "Maltese dog, Maltese terrier, Maltese": 0.04130262112787927,
    "toy terrier": 0.1319548872180451,
    "Japanese spaniel": 0.056438127090301,
    "Shih-Tzu": 0.1014554794520548,
    "Chihuahua": 0.0715953307392996
}