{
    "thimble": 0.11235614778921865,
    "lens cap, lens cover": 0.06132646880678377
}