{
    "jacamar": 0.027972027972027972,
    "toucan": 0.04168908015061861
}