{
    "audio system, sound system": 0.10106951871657754,
    "modem": 0.02475,
    "monitor": 0.028612997090203686,
    "oscilloscope, scope, cathode-ray oscilloscope, CRO": 0.09061488673139159,
    "peripheral, computer peripheral, peripheral device": 0.026647286821705425,
    "cassette player": 0.12850467289719625,
    "telephone, phone, telephone set": 0.01886341929321872,
    "tape player": 0.1552757793764988,
    "CD player": 0.04509445460085314
}