{
    "egret": 0.056768558951965066,
    "little blue heron, Egretta caerulea": 0.041779706999457406,
    "bittern": 0.12133410005750431
}