{
    "piano, pianoforte, forte-piano": 0.10708752904725019,
    "chime, bell, gong": 0.06375108790252393,
    "drum, membranophone, tympan": 0.07358490566037736,
    "gong, tam-tam": 0.05454946996466431,
    "maraca": -0.020701892744479495,
    "marimba, xylophone": 0.15664845173041894,
    "steel drum": 0.040697674418604654
}