{
    "manhole cover": 0.0785110533159948,
    "cap": 0.03023407022106632
}