{
    "crab": 0.09761904761904762,
    "lobster": 0.032188841201716736,
    "crayfish, crawfish, crawdad, crawdaddy": 0.005828476269775187,
    "hermit crab": 0.027049873203719356
}