{
    "slot, one-armed bandit": 0.034367396593673966,
    "vending machine": 0.05900243309002433
}