{
    "chainlink fence": 0.12704918032786885,
    "picket fence, paling": 0.06411359724612736,
    "rail fence": 0.027633851468048358,
    "stone wall": 0.10355805243445693
}