{
    "English setter": 0.05228758169934641,
    "Gordon setter": 0.02805949966193374,
    "Irish setter, red setter": 0.09273624823695345
}