{
    "half track": 0.01791736930860034,
    "tank, army tank, armored combat vehicle, armoured combat vehicle": 0.11259541984732824,
    "snowmobile": 0.046395705521472395
}