{
    "lakeside, lakeshore": -0.04037408759124088,
    "seashore, coast, seacoast, sea-coast": 0.06295620437956205
}