{
    "indri, indris, Indri indri, Indri brevicaudatus": 0.049460916442048516,
    "Madagascar cat, ring-tailed lemur, Lemur catta": 0.014016172506738544
}