{
    "bulletproof vest": 0.03940708604483008,
    "cuirass": 0.026591289782244554,
    "chain mail, ring mail, mail, chain armor, chain armour, ring armor, ring armour": 0.056745182012847964
}