{
    "camel": 0.12331606217616581,
    "ruminant": 0.05241545893719807,
    "hippopotamus, hippo, river horse, Hippopotamus amphibius": 0.11982570806100218,
    "llama": 0.1684027777777778,
    "swine": 0.060422282120395326
}