{
    "mountain, mount": 0.01942883895131086,
    "promontory, headland, head, foreland": -0.005865102639296188,
    "ridge": -0.024284475281873375
}