{
    "drake": 0.003812997347480106,
    "sea duck": 0.1395888594164456
}