{
    "stethoscope": 0.1600957995578482,
    "syringe": 0.1431466470154753
}