{
    "knee pad": 0.012244265344079356,
    "apron": -0.011004339739615622
}