{
    "knee pad": 0.06649101053936764,
    "apron": 0.05579665220086795
}