{
    "beating-reed instrument, reed instrument, reed": 0.050911854103343465,
    "flute, transverse flute": 0.08092705167173252
}