{
    "holster": -0.007316053511705686,
    "scabbard": -0.025710702341137124
}