{
    "mousetrap": 0.08204134366925064,
    "web, entanglement": 0.07719638242894057
}