{
    "water spaniel": 0.05551242236024845,
    "springer spaniel, springer": 0.042028985507246375,
    "clumber, clumber spaniel": 0.05548172757475083,
    "Brittany spaniel": 0.04363207547169811,
    "cocker spaniel, English cocker spaniel, cocker": 0.018578352180936994,
    "Sussex spaniel": 0.046825396825396826
}