{
    "hawk": -0.03186404673393521,
    "eagle, bird of Jove": 0.05511811023622047,
    "vulture": 0.08015741507870754,
    "owl, bird of Minerva, bird of night, hooter": 0.12301236749116608
}