{
    "cannon": 0.04956210191082803,
    "firearm, piece, small-arm": 0.015326433121019108
}