{
    "amphibian, amphibious vehicle": 0.05755102040816327,
    "car, auto, automobile, machine, motorcar": 0.11297071129707113,
    "go-kart": 0.006051437216338881,
    "golfcart, golf cart": 0.15341440598690365,
    "motorcycle, bike": 0.14035532994923858,
    "snowplow, snowplough": 0.04732789855072464,
    "truck, motortruck": 0.13760896637608966
}