{
    "mask": 0.06120037807183365,
    "cloak": -0.011486486486486487,
    "wrapping, wrap, wrapper": -0.008928571428571428,
    "screen, cover, covert, concealment": -0.004280363830925628,
    "footwear, footgear": 0.11938872970391595,
    "cloth covering": 0.0323943661971831,
    "floor cover, floor covering": -0.0002521432173474534,
    "clothing, article of clothing, vesture, wear, wearable, habiliment": 0.04628712871287129,
    "protective covering, protective cover, protection": 0.08137977227059612,
    "top, cover": -0.009309162175404213
}