{
    "black grouse": 0.04422788605697151,
    "ptarmigan": 0.039168937329700275,
    "ruffed grouse, partridge, Bonasa umbellus": 0.03732567678424938,
    "prairie chicken, prairie grouse, prairie fowl": 0.02693310165073849
}