{
    "jay": -0.007393397524071527,
    "magpie": 0.06843191196698763
}