{
    "whippet": 0.020976027397260275,
    "Italian greyhound": -0.02440068493150685
}