{
    "feather boa, boa": 0.11660143509458577,
    "stole": -0.0030984996738421394
}