{
    "bakery, bakeshop, bakehouse": 0.2659892408846384,
    "barbershop": 0.0829303675048356,
    "bookshop, bookstore, bookstall": 0.15285943345804381,
    "butcher shop, meat market": 0.04162512462612163,
    "confectionery, confectionary, candy store": 0.2506265664160401,
    "shoe shop, shoe-shop, shoe store": 0.19860847564832385,
    "tobacco shop, tobacconist shop, tobacconist": 0.12762605042016806,
    "toyshop": 0.0978687605159843
}