{
    "barometer": 0.05486641221374046,
    "measuring stick, measure, measuring rod": 0.06536585365853659,
    "meter": 0.019761775852734163,
    "scale, weighing machine": 0.06637596899224807,
    "timepiece, timekeeper, horologe": 0.10759209344115005
}