{
    "cicada, cicala": 0.0068879148403256105,
    "leafhopper": 0.005009392611145898
}