{
    "grand piano, grand": 0.008165225744476465,
    "upright, upright piano": -0.004803073967339097
}