{
    "acoustic guitar": 0.048728813559322036,
    "electric guitar": 0.05614406779661017
}