{
    "shield": 0.022298456260720412,
    "cap": 0.015869140625,
    "roof": 0.051335174953959485,
    "blind, screen": 0.05057015369360436,
    "binder, ring-binder": -0.027754237288135593,
    "shade": -0.00723725613593455,
    "screen": 0.03773584905660377,
    "armor, armour": -0.012750949538795442,
    "mask": 0.03790613718411552,
    "sheath": -0.012376237623762377,
    "shelter": 0.023944387229660143
}