{
    "computer keyboard, keypad": 0.06687582562747688,
    "joystick": 0.13325627476882432
}