{
    "nymphalid, nymphalid butterfly, brush-footed butterfly, four-footed butterfly": 0.004884547069271759,
    "ringlet, ringlet butterfly": 0.01948051948051948,
    "danaid, danaid butterfly": 0.02031114952463267,
    "pierid, pierid butterfly": 0.04103896103896104,
    "sulphur butterfly, sulfur butterfly": 0.049930651872399444,
    "lycaenid, lycaenid butterfly": -0.012589928057553957
}