{
    "brambling, Fringilla montifringilla": 0.03139013452914798,
    "goldfinch, Carduelis carduelis": 0.10106382978723404,
    "house finch, linnet, Carpodacus mexicanus": 0.0688723835246455,
    "junco, snowbird": 0.08322192513368984,
    "bunting": 0.08821855435401252
}