{
    "red-backed sandpiper, dunlin, Erolia alpina": 0.0026560424966799467,
    "redshank, Tringa totanus": 0.04150066401062417
}