{
    "brake": 0.04529788281634663,
    "fastener, fastening, holdfast, fixing": 0.025657894736842105,
    "muzzle": 0.0964840556009812,
    "safety belt, life belt, safety harness": 0.03156664068589244
}