{
    "hunting dog": 0.04487781954887218,
    "dalmatian, coach dog, carriage dog": 0.19684775318578135,
    "corgi, Welsh corgi": 0.1452074391988555,
    "Mexican hairless": 0.03131416837782341,
    "Newfoundland, Newfoundland dog": 0.09784615384615385,
    "poodle, poodle dog": 0.10046296296296296,
    "basenji": 0.07372372372372372,
    "Leonberg": 0.13049267643142476,
    "griffon, Brussels griffon, Belgian griffon": 0.1496133254015467,
    "pug, pug-dog": 0.13211009174311927,
    "working dog": 0.014889529298751201,
    "spitz": 0.06003159557661927,
    "Great Pyrenees": 0.10195889531149646,
    "toy dog, toy": 0.08775313404050145
}