{
    "handkerchief, hankie, hanky, hankey": 0.009883198562443846,
    "dishrag, dishcloth": 0.03604014598540146,
    "towel": -0.026037069726390114,
    "bib": 0.05116191904047976
}