{
    "dung beetle": -0.008607198748043818,
    "rhinoceros beetle": 0.021517996870109544
}