{
    "vest, waistcoat": 0.0,
    "swimsuit, swimwear, bathing suit, swimming costume, bathing costume": 0.048307184145334435,
    "suit, suit of clothes": 0.022366930917327294,
    "scarf": 0.023938084953203743,
    "neckwear": 0.14275634995296332,
    "skirt": -0.03138343296327925,
    "overgarment, outer garment": 0.045912951167728235,
    "sweater, jumper": 0.0006678539626001781,
    "robe": -0.011448598130841122,
    "shirt": 0.08002148227712137,
    "diaper, nappy, napkin": 0.08922628951747089
}