{
    "bassinet": 0.08094357076780759,
    "cradle": -0.0994180407371484,
    "crib, cot": -0.016856987493202826
}