{
    "harvestman, daddy longlegs, Phalangium opilio": 0.07666494579246257,
    "scorpion": 0.09230769230769231,
    "spider": 0.08293204922418405,
    "acarine": 0.08303183791606368
}