{
    "organ, pipe organ": 0.06668026101141925,
    "brass, brass instrument": 0.15738375063873275,
    "free-reed instrument": 0.07265692175408427,
    "ocarina, sweet potato": 0.08112582781456953,
    "pipe": 0.053700361010830325,
    "woodwind, woodwind instrument, wood": 0.0970873786407767
}