{
    "house": 0.04140694568121104,
    "cliff dwelling": -0.015525758645024701,
    "yurt": 0.07228915662650602
}