{
    "bathing cap, swimming cap": 0.09995527728085868,
    "mortarboard": 0.12976694915254236,
    "shower cap": 0.10700389105058365
}