{
    "Petri dish": 0.0556792873051225,
    "bowl": 0.030623608017817373
}