{
    "horse cart, horse-cart": 0.07692307692307693,
    "jinrikisha, ricksha, rickshaw": -0.022487702037947997,
    "oxcart": 0.07596685082872928
}