{
    "fire engine, fire truck": 0.14911825726141079,
    "garbage truck, dustcart": 0.10714285714285714,
    "pickup, pickup truck": 0.1214871194379391,
    "tow truck, tow car, wrecker": 0.17990373044524668,
    "trailer truck, tractor trailer, trucking rig, rig, articulated lorry, semi": 0.05875102711585867,
    "van": 0.0380932556203164
}