{
    "toy spaniel": 0.015548281505728314,
    "Pekinese, Pekingese, Peke": 0.0696945967110415,
    "Maltese dog, Maltese terrier, Maltese": 0.04289118347895155,
    "toy terrier": 0.08327067669172933,
    "Japanese spaniel": 0.06020066889632107,
    "Shih-Tzu": 0.07363013698630137,
    "Chihuahua": 0.06498054474708172
}