{
    "quill, quill pen": 0.10503685503685503,
    "ballpoint, ballpoint pen, ballpen, Biro": -0.05201465201465202,
    "fountain pen": 0.13769804287045667
}