{
    "bassoon": 0.13596822995461422,
    "oboe, hautboy, hautbois": 0.029878971255673223
}