{
    "helmet": 0.04773713577185369,
    "breastplate, aegis, egis": 0.008214507129572226
}