{
    "stork": 0.11369509043927649,
    "spoonbill": 0.047498187092095724,
    "flamingo": 0.10737704918032787,
    "heron": 0.05457301667508843,
    "crane": 0.013193812556869881,
    "limpkin, Aramus pictus": 0.045973884657236126,
    "rail": 0.02292152292152292,
    "bustard": 0.14564043209876543,
    "shorebird, shore bird, limicoline bird": 0.1416382252559727
}