{
    "alp": 0.07993197278911565,
    "volcano": 0.11848072562358276
}