{
    "joystick": 0.05707196029776675,
    "switch, electric switch, electrical switch": 0.13544251447477254
}