{
    "swimming trunks, bathing trunks": 0.09843205574912892,
    "maillot, tank suit": 0.041008276899924756,
    "bikini, two-piece": -0.06924528301886793
}