{
    "honeycomb": 0.11933534743202417,
    "rack": -0.026737160120845923
}