{
    "phalanger, opossum, possum": 0.09189378057302586,
    "kangaroo": 0.1513011152416357,
    "wombat": 0.10661764705882353
}