{
    "thunder snake, worm snake, Carphophis amoenus": 0.08024349750968456,
    "ringneck snake, ring-necked snake, ring snake": 0.0518444666001994,
    "hognose snake, puff adder, sand viper": 0.05992329817833174,
    "green snake, grass snake": 0.0962406015037594,
    "king snake, kingsnake": 0.029752899646999495,
    "garter snake, grass snake": 0.017937219730941704,
    "water snake": 0.030596634370219276,
    "vine snake": -0.014879425346331451,
    "night snake, Hypsiglena torquata": 0.022058823529411766
}