{
    "gazelle": -0.01646223369916075,
    "impala, Aepyceros melampus": 0.030492030492030493,
    "hartebeest": 0.04176829268292683
}