{
    "Great Dane": 0.06350550381033022,
    "shepherd dog, sheepdog, sheep dog": 0.09864757358790771,
    "watchdog, guard dog": -0.059205020920502095,
    "sled dog, sledge dog": 0.11704355108877722,
    "boxer": 0.037448559670781895,
    "bull mastiff": 0.03336045565500407,
    "Eskimo dog, husky": 0.10077092511013216,
    "Sennenhunde": 0.018930041152263374,
    "Saint Bernard, St Bernard": 0.09073958980733375,
    "mastiff": 0.04411764705882353,
    "bulldog, English bulldog": 0.03550295857988166
}