{
    "freight car": 0.06010016694490818,
    "passenger car, coach, carriage": 0.08034223706176961
}