{
    "bicycle-built-for-two, tandem bicycle, tandem": 0.005707762557077625,
    "mountain bike, all-terrain bike, off-roader": 0.015601217656012176
}