{
    "Australian terrier": 0.12268518518518519,
    "fox terrier": 0.05749405233941316,
    "soft-coated wheaten terrier": 0.08904682274247491,
    "wirehair, wirehaired terrier, wire-haired terrier": 0.09522003034901366,
    "Dandie Dinmont, Dandie Dinmont terrier": 0.059356136820925554,
    "Airedale, Airedale terrier": 0.07837837837837838,
    "Lhasa, Lhasa apso": 0.07625542467451953,
    "Yorkshire terrier": 0.10056390977443609,
    "West Highland white terrier": 0.10695389266817838,
    "schnauzer": 0.034977908689248896,
    "bullterrier, bull terrier": 0.07343342036553525,
    "Norfolk terrier": 0.06331309627059845,
    "cairn, cairn terrier": 0.0395738203957382,
    "Kerry blue terrier": 0.10580325548478414,
    "Scotch terrier, Scottish terrier, Scottie": 0.14852558542931482,
    "Boston bull, Boston terrier": 0.05585748792270531,
    "Bedlington terrier": 0.12533875338753386,
    "Irish terrier": 0.10024752475247525,
    "silky terrier, Sydney silky": 0.05857253685027153,
    "Norwich terrier": 0.10423452768729642,
    "Tibetan terrier, chrysanthemum dog": 0.07270847691247416,
    "Border terrier": 0.10314685314685315
}