{
    "accordion, piano accordion, squeeze box": 0.07753796962430055,
    "harmonica, mouth organ, harp, mouth harp": 0.0019984012789768186
}