{
    "placental, placental mammal, eutherian, eutherian mammal": -0.028428819444444444,
    "tusker": 0.010869565217391304,
    "prototherian": 0.02183288409703504,
    "metatherian": 0.0327079107505071
}