{
    "bench": 0.056210335448776065,
    "chair": 0.1499138426191844,
    "sofa, couch, lounge": 0.12545289855072464,
    "toilet seat": 0.16230366492146597
}