{
    "barber chair": -0.03752260397830018,
    "chair of state": 0.011566771819137749,
    "folding chair": 0.08555033907146584,
    "rocking chair, rocker": 0.06412139011257954
}