{
    "African grey, African gray, Psittacus erithacus": 0.03850931677018633,
    "macaw": 0.0897108843537415,
    "cockatoo": 0.060505836575875487,
    "lory": -0.023171614771904415
}