{
    "power drill": 0.04376657824933687,
    "power saw, saw, sawing machine": 0.058355437665782495
}