{
    "water spaniel": 0.021350931677018632,
    "springer spaniel, springer": 0.034782608695652174,
    "clumber, clumber spaniel": 0.04750830564784053,
    "Brittany spaniel": 0.013364779874213837,
    "cocker spaniel, English cocker spaniel, cocker": 0.035541195476575124,
    "Sussex spaniel": 0.024603174603174603
}