{
    "desktop computer": 0.05604534005037783,
    "portable computer": -0.015743073047858942
}