{
    "birdhouse": 0.14972847168347556,
    "bell cote, bell cot": -0.028881530537159677,
    "canopy": -0.005916030534351145
}