{
    "hook, claw": 0.05704697986577181,
    "machine, simple machine": 0.1765724177726486,
    "pump": 0.03873034362259756,
    "ride": 0.121150493898896,
    "swing": 0.009523809523809525,
    "winder": 0.019240506329113925
}