{
    "tights, leotards": 0.0614406779661017,
    "sock": 0.1463153384747215,
    "stocking": -0.04806362378976487
}