{
    "Doberman, Doberman pinscher": 0.11763518966908798,
    "affenpinscher, monkey pinscher, monkey dog": 0.1272337383845604,
    "miniature pinscher": -0.03153988868274583
}