{
    "cliff, drop, drop-off": -0.04848628192999054,
    "natural depression, depression": 0.02570828961175236,
    "natural elevation, elevation": 0.022313564298297124,
    "shore": -0.003861003861003861,
    "spring, fountain, outflow, outpouring, natural spring": 0.0883711167086482
}