{
    "fur coat": 0.06807131280388978,
    "raincoat, waterproof": 0.039616346955796494,
    "lab coat, laboratory coat": 0.08794642857142858
}