{
    "plane, carpenter's plane, woodworking plane": 0.12117263843648209,
    "hammer": 0.017857142857142856,
    "opener": 0.007242990654205608,
    "plunger, plumber's helper": 0.08895949166004766,
    "screwdriver": 0.09707207207207207,
    "shovel": 0.04059040590405904
}