{
    "aircraft carrier, carrier, flattop, attack aircraft carrier": 0.003389830508474576,
    "submersible, submersible warship": 0.08271186440677966
}