{
    "vase": 0.07369758576874205,
    "beaker": 0.022871664548919948
}