{
    "airplane, aeroplane, plane": -0.024831867563372995,
    "warplane, military plane": 0.03155716502845318
}