{
    "papillon": -0.009558823529411765,
    "English toy spaniel": 0.026715686274509803
}