{
    "gasmask, respirator, gas helmet": 0.11061337008959339,
    "face mask": 0.010337698139214336
}