{
    "parking meter": 0.028448275862068967,
    "stopwatch, stop watch": 0.09448275862068965
}