{
    "colobus, colobus monkey": 0.024062278839348902,
    "guenon, guenon monkey": 0.058340535868625754,
    "proboscis monkey, Nasalis larvatus": 0.037125748502994015,
    "patas, hussar monkey, Erythrocebus patas": 0.06751824817518248,
    "baboon": 0.06936416184971098,
    "macaque": 0.030730897009966777,
    "langur": -0.0008077544426494346
}