{
    "African elephant, Loxodonta africana": 0.0004655493482309125,
    "Indian elephant, Elephas maximus": 0.029329608938547486
}