{
    "bonnet, poke bonnet": 0.008167330677290837,
    "bearskin, busby, shako": 0.08697089947089948,
    "cowboy hat, ten-gallon hat": 0.11200873362445415,
    "sombrero": 0.15957903780068727
}