{
    "crutch": 0.07106666666666667,
    "flagpole, flagstaff": 0.002533333333333333
}