{
    "laptop, laptop computer": 0.03720663995420721,
    "hand-held computer, hand-held microcomputer": 0.0324846356453029,
    "notebook, notebook computer": 0.0425531914893617
}