{
    "Pomeranian": 0.09859154929577464,
    "keeshond": 0.08862001308044473,
    "chow, chow chow": 0.033404406538734895,
    "Samoyed, Samoyede": 0.10506980161645849
}