{
    "zebra": 0.05188962207558488,
    "horse, Equus caballus": 0.08323335332933414
}