{
    "Siberian husky": -0.027052238805970148,
    "malamute, malemute, Alaskan malamute": 0.06296641791044776
}