{
    "Welsh terrier": 0.0048672566371681415,
    "Lakeland terrier": 0.030530973451327433
}