{
    "grand piano, grand": 0.01633045148895293,
    "upright, upright piano": -0.024975984630163303
}