{
    "feather boa, boa": 0.12100456621004566,
    "stole": -0.006196999347684279
}