{
    "vizsla, Hungarian pointer": 0.02246153846153846,
    "German short-haired pointer": -0.005538461538461538
}