{
    "hunting dog": 0.028665413533834585,
    "dalmatian, coach dog, carriage dog": 0.14336016096579476,
    "corgi, Welsh corgi": 0.163447782546495,
    "Mexican hairless": 0.033709787816563995,
    "Newfoundland, Newfoundland dog": 0.10261538461538462,
    "poodle, poodle dog": 0.056018518518518516,
    "basenji": 0.07477477477477477,
    "Leonberg": 0.12666444740346205,
    "griffon, Brussels griffon, Belgian griffon": 0.12462819750148721,
    "pug, pug-dog": 0.17660550458715596,
    "working dog": -0.002881844380403458,
    "spitz": 0.07721169036334913,
    "Great Pyrenees": 0.10773924213230572,
    "toy dog, toy": 0.07280617164898746
}