{
    "robin, American robin, Turdus migratorius": 0.04880952380952381,
    "nightingale, Luscinia megarhynchos": 0.013095238095238096
}