{
    "display, video display": 0.03703071672354949,
    "mouse, computer mouse": 0.11808873720136519
}