{
    "power drill": 0.014367816091954023,
    "power saw, saw, sawing machine": 0.007736516357206013
}